"","id","id_competition","name","official_name","initial_date","final_date","url_image","url_image_negative","id_edition","year","id_phase","id_subphase","num_matchweek","start_date","end_date","descriptor"
"1",5884,1,"Liga Nacional","Liga Endesa",-402534000,NA,"https://www.acb.com/Documentos/Cabeceras/logo-competicion-1b.png","https://www.acb.com/Documentos/Cabeceras/logo-competicion-4a.png",90,2025,107,NA,1,1759536000,1759622400,"Jornada 1"
"2",5885,1,"Liga Nacional","Liga Endesa",-402534000,NA,"https://www.acb.com/Documentos/Cabeceras/logo-competicion-1b.png","https://www.acb.com/Documentos/Cabeceras/logo-competicion-4a.png",90,2025,107,NA,2,1760140800,1760227200,"Jornada 2"
"3",5886,1,"Liga Nacional","Liga Endesa",-402534000,NA,"https://www.acb.com/Documentos/Cabeceras/logo-competicion-1b.png","https://www.acb.com/Documentos/Cabeceras/logo-competicion-4a.png",90,2025,107,NA,3,1760745600,1760832000,"Jornada 3"
"4",5887,1,"Liga Nacional","Liga Endesa",-402534000,NA,"https://www.acb.com/Documentos/Cabeceras/logo-competicion-1b.png","https://www.acb.com/Documentos/Cabeceras/logo-competicion-4a.png",90,2025,107,NA,4,1761350400,1761436800,"Jornada 4"
"5",5888,1,"Liga Nacional","Liga Endesa",-402534000,NA,"https://www.acb.com/Documentos/Cabeceras/logo-competicion-1b.png","https://www.acb.com/Documentos/Cabeceras/logo-competicion-4a.png",90,2025,107,NA,5,1761955200,1762041600,"Jornada 5"
"6",5889,1,"Liga Nacional","Liga Endesa",-402534000,NA,"https://www.acb.com/Documentos/Cabeceras/logo-competicion-1b.png","https://www.acb.com/Documentos/Cabeceras/logo-competicion-4a.png",90,2025,107,NA,6,1762560000,1762646400,"Jornada 6"
"7",5890,1,"Liga Nacional","Liga Endesa",-402534000,NA,"https://www.acb.com/Documentos/Cabeceras/logo-competicion-1b.png","https://www.acb.com/Documentos/Cabeceras/logo-competicion-4a.png",90,2025,107,NA,7,1763164800,1763251200,"Jornada 7"
"8",5891,1,"Liga Nacional","Liga Endesa",-402534000,NA,"https://www.acb.com/Documentos/Cabeceras/logo-competicion-1b.png","https://www.acb.com/Documentos/Cabeceras/logo-competicion-4a.png",90,2025,107,NA,8,1763769600,1763856000,"Jornada 8"
"9",5892,1,"Liga Nacional","Liga Endesa",-402534000,NA,"https://www.acb.com/Documentos/Cabeceras/logo-competicion-1b.png","https://www.acb.com/Documentos/Cabeceras/logo-competicion-4a.png",90,2025,107,NA,9,1764979200,1765065600,"Jornada 9"
"10",5893,1,"Liga Nacional","Liga Endesa",-402534000,NA,"https://www.acb.com/Documentos/Cabeceras/logo-competicion-1b.png","https://www.acb.com/Documentos/Cabeceras/logo-competicion-4a.png",90,2025,107,NA,10,1765584000,1765670400,"Jornada 10"
"11",5894,1,"Liga Nacional","Liga Endesa",-402534000,NA,"https://www.acb.com/Documentos/Cabeceras/logo-competicion-1b.png","https://www.acb.com/Documentos/Cabeceras/logo-competicion-4a.png",90,2025,107,NA,11,1766188800,1766275200,"Jornada 11"
"12",5895,1,"Liga Nacional","Liga Endesa",-402534000,NA,"https://www.acb.com/Documentos/Cabeceras/logo-competicion-1b.png","https://www.acb.com/Documentos/Cabeceras/logo-competicion-4a.png",90,2025,107,NA,12,1766793600,1766880000,"Jornada 12"
"13",5896,1,"Liga Nacional","Liga Endesa",-402534000,NA,"https://www.acb.com/Documentos/Cabeceras/logo-competicion-1b.png","https://www.acb.com/Documentos/Cabeceras/logo-competicion-4a.png",90,2025,107,NA,13,1766966400,1767312000,"Jornada 13"
"14",5897,1,"Liga Nacional","Liga Endesa",-402534000,NA,"https://www.acb.com/Documentos/Cabeceras/logo-competicion-1b.png","https://www.acb.com/Documentos/Cabeceras/logo-competicion-4a.png",90,2025,107,NA,14,1767398400,1767484800,"Jornada 14"
"15",5898,1,"Liga Nacional","Liga Endesa",-402534000,NA,"https://www.acb.com/Documentos/Cabeceras/logo-competicion-1b.png","https://www.acb.com/Documentos/Cabeceras/logo-competicion-4a.png",90,2025,107,NA,15,1768003200,1768089600,"Jornada 15"
"16",5899,1,"Liga Nacional","Liga Endesa",-402534000,NA,"https://www.acb.com/Documentos/Cabeceras/logo-competicion-1b.png","https://www.acb.com/Documentos/Cabeceras/logo-competicion-4a.png",90,2025,107,NA,16,1768608000,1768694400,"Jornada 16"
"17",5900,1,"Liga Nacional","Liga Endesa",-402534000,NA,"https://www.acb.com/Documentos/Cabeceras/logo-competicion-1b.png","https://www.acb.com/Documentos/Cabeceras/logo-competicion-4a.png",90,2025,107,NA,17,1769212800,1769299200,"Jornada 17"
"18",5901,1,"Liga Nacional","Liga Endesa",-402534000,NA,"https://www.acb.com/Documentos/Cabeceras/logo-competicion-1b.png","https://www.acb.com/Documentos/Cabeceras/logo-competicion-4a.png",90,2025,107,NA,18,1769817600,1769904000,"Jornada 18"
"19",5902,1,"Liga Nacional","Liga Endesa",-402534000,NA,"https://www.acb.com/Documentos/Cabeceras/logo-competicion-1b.png","https://www.acb.com/Documentos/Cabeceras/logo-competicion-4a.png",90,2025,107,NA,19,1770422400,1770508800,"Jornada 19"
"20",5903,1,"Liga Nacional","Liga Endesa",-402534000,NA,"https://www.acb.com/Documentos/Cabeceras/logo-competicion-1b.png","https://www.acb.com/Documentos/Cabeceras/logo-competicion-4a.png",90,2025,107,NA,20,1771027200,1771113600,"Jornada 20"
"21",5904,1,"Liga Nacional","Liga Endesa",-402534000,NA,"https://www.acb.com/Documentos/Cabeceras/logo-competicion-1b.png","https://www.acb.com/Documentos/Cabeceras/logo-competicion-4a.png",90,2025,107,NA,21,1772841600,1772928000,"Jornada 21"
"22",5905,1,"Liga Nacional","Liga Endesa",-402534000,NA,"https://www.acb.com/Documentos/Cabeceras/logo-competicion-1b.png","https://www.acb.com/Documentos/Cabeceras/logo-competicion-4a.png",90,2025,107,NA,22,1773446400,1773532800,"Jornada 22"
"23",5906,1,"Liga Nacional","Liga Endesa",-402534000,NA,"https://www.acb.com/Documentos/Cabeceras/logo-competicion-1b.png","https://www.acb.com/Documentos/Cabeceras/logo-competicion-4a.png",90,2025,107,NA,23,1774051200,1774137600,"Jornada 23"
"24",5907,1,"Liga Nacional","Liga Endesa",-402534000,NA,"https://www.acb.com/Documentos/Cabeceras/logo-competicion-1b.png","https://www.acb.com/Documentos/Cabeceras/logo-competicion-4a.png",90,2025,107,NA,24,1774656000,1774742400,"Jornada 24"
"25",5908,1,"Liga Nacional","Liga Endesa",-402534000,NA,"https://www.acb.com/Documentos/Cabeceras/logo-competicion-1b.png","https://www.acb.com/Documentos/Cabeceras/logo-competicion-4a.png",90,2025,107,NA,25,1775260800,1775347200,"Jornada 25"
"26",5909,1,"Liga Nacional","Liga Endesa",-402534000,NA,"https://www.acb.com/Documentos/Cabeceras/logo-competicion-1b.png","https://www.acb.com/Documentos/Cabeceras/logo-competicion-4a.png",90,2025,107,NA,26,1775865600,1775952000,"Jornada 26"
"27",5910,1,"Liga Nacional","Liga Endesa",-402534000,NA,"https://www.acb.com/Documentos/Cabeceras/logo-competicion-1b.png","https://www.acb.com/Documentos/Cabeceras/logo-competicion-4a.png",90,2025,107,NA,27,1776470400,1776556800,"Jornada 27"
"28",5911,1,"Liga Nacional","Liga Endesa",-402534000,NA,"https://www.acb.com/Documentos/Cabeceras/logo-competicion-1b.png","https://www.acb.com/Documentos/Cabeceras/logo-competicion-4a.png",90,2025,107,NA,28,1777075200,1777161600,"Jornada 28"
"29",5912,1,"Liga Nacional","Liga Endesa",-402534000,NA,"https://www.acb.com/Documentos/Cabeceras/logo-competicion-1b.png","https://www.acb.com/Documentos/Cabeceras/logo-competicion-4a.png",90,2025,107,NA,29,1777680000,1777766400,"Jornada 29"
"30",5913,1,"Liga Nacional","Liga Endesa",-402534000,NA,"https://www.acb.com/Documentos/Cabeceras/logo-competicion-1b.png","https://www.acb.com/Documentos/Cabeceras/logo-competicion-4a.png",90,2025,107,NA,30,1778284800,1778371200,"Jornada 30"
"31",5914,1,"Liga Nacional","Liga Endesa",-402534000,NA,"https://www.acb.com/Documentos/Cabeceras/logo-competicion-1b.png","https://www.acb.com/Documentos/Cabeceras/logo-competicion-4a.png",90,2025,107,NA,31,1778630400,1778716800,"Jornada 31"
"32",5915,1,"Liga Nacional","Liga Endesa",-402534000,NA,"https://www.acb.com/Documentos/Cabeceras/logo-competicion-1b.png","https://www.acb.com/Documentos/Cabeceras/logo-competicion-4a.png",90,2025,107,NA,32,1778889600,1778976000,"Jornada 32"
"33",5916,1,"Liga Nacional","Liga Endesa",-402534000,NA,"https://www.acb.com/Documentos/Cabeceras/logo-competicion-1b.png","https://www.acb.com/Documentos/Cabeceras/logo-competicion-4a.png",90,2025,107,NA,33,1779494400,1779580800,"Jornada 33"
"34",5917,1,"Liga Nacional","Liga Endesa",-402534000,NA,"https://www.acb.com/Documentos/Cabeceras/logo-competicion-1b.png","https://www.acb.com/Documentos/Cabeceras/logo-competicion-4a.png",90,2025,107,NA,34,1780012800,1780012800,"Jornada 34"
