"id","id_competition","competition_name","competition_official_name","competition_initial_date","competition_final_date","competition_url_image","competition_url_image_negative","id_edition","edition_year","id_phase","phase_id","phase_description","phase_abrev","id_subphase","id_round","id_matchweek","id_week","week_description","matchweek_number","id_team_local","local_team_id_team_denomination","local_team_team_actual_name","local_team_team_actual_short_name","local_team_team_abbrev_name","id_team_visitor","visitor_team_id_team_denomination","visitor_team_team_actual_name","visitor_team_team_actual_short_name","visitor_team_team_abbrev_name","score_local","score_visitor","date","time","live","finalized","selected_players","arena_name","arena_town","period","crono","matchweek_descriptor"
104467,1,"Liga Nacional","Liga Endesa",-402534000,NA,"https://www.acb.com/Documentos/Cabeceras/logo-competicion-1b.png","https://www.acb.com/Documentos/Cabeceras/logo-competicion-4a.png",90,2025,107,107,"Liga Regular","LR",0,0,5884,2861,"Semana 1","1",4397,2671,"Valencia Basket","Valencia Basket","VBC",4386,2660,"Barça","Barça","BAR",93,81,1759622400,61200,FALSE,TRUE,FALSE,"Roig Arena","Valencia",4,0,"Jornada 1"
104466,1,"Liga Nacional","Liga Endesa",-402534000,NA,"https://www.acb.com/Documentos/Cabeceras/logo-competicion-1b.png","https://www.acb.com/Documentos/Cabeceras/logo-competicion-4a.png",90,2025,107,107,"Liga Regular","LR",0,0,5884,2861,"Semana 1","1",4393,2667,"UCAM Murcia","UCAM Murcia","UCM",4385,2659,"MoraBanc Andorra","MoraBanc And","MBA",95,64,1759622400,57600,FALSE,TRUE,FALSE,"Palacio de Deportes de Murcia","Murcia",4,0,"Jornada 1"
104465,1,"Liga Nacional","Liga Endesa",-402534000,NA,"https://www.acb.com/Documentos/Cabeceras/logo-competicion-1b.png","https://www.acb.com/Documentos/Cabeceras/logo-competicion-4a.png",90,2025,107,107,"Liga Regular","LR",0,0,5884,2861,"Semana 1","1",4392,2666,"Casademont Zaragoza","Casademont Zgz","CAZ",4398,2710,"Baskonia","Baskonia","BKN",107,88,1759622400,54000,FALSE,TRUE,FALSE,"Pabellón Príncipe Felipe","Zaragoza",4,0,"Jornada 1"
104464,1,"Liga Nacional","Liga Endesa",-402534000,NA,"https://www.acb.com/Documentos/Cabeceras/logo-competicion-1b.png","https://www.acb.com/Documentos/Cabeceras/logo-competicion-4a.png",90,2025,107,107,"Liga Regular","LR",0,0,5884,2861,"Semana 1","1",4388,2662,"Real Madrid","Real Madrid","RMB",4390,2664,"Dreamland Gran Canaria","Dreamland GC","DGC",81,71,1759622400,37800,FALSE,TRUE,FALSE,"Movistar Arena","Madrid",4,0,"Jornada 1"
104463,1,"Liga Nacional","Liga Endesa",-402534000,NA,"https://www.acb.com/Documentos/Cabeceras/logo-competicion-1b.png","https://www.acb.com/Documentos/Cabeceras/logo-competicion-4a.png",90,2025,107,107,"Liga Regular","LR",0,0,5884,2861,"Semana 1","1",4401,2674,"Coviran Granada","Coviran Granada","COV",4394,2668,"Joventut Badalona","Joventut","JOV",75,87,1759622400,36000,FALSE,TRUE,FALSE,"Palacio Deportes Granada","Granada",4,0,"Jornada 1"
104462,1,"Liga Nacional","Liga Endesa",-402534000,NA,"https://www.acb.com/Documentos/Cabeceras/logo-competicion-1b.png","https://www.acb.com/Documentos/Cabeceras/logo-competicion-4a.png",90,2025,107,107,"Liga Regular","LR",0,0,5884,2861,"Semana 1","1",4387,2661,"Hiopos Lleida","Hiopos Lleida","HIO",4395,2669,"Río Breogán","Río Breogán","BRE",87,68,1759536000,68400,FALSE,TRUE,FALSE,"Espai Fruita Barris Nord","Lleida",4,0,"Jornada 1"
104461,1,"Liga Nacional","Liga Endesa",-402534000,NA,"https://www.acb.com/Documentos/Cabeceras/logo-competicion-1b.png","https://www.acb.com/Documentos/Cabeceras/logo-competicion-4a.png",90,2025,107,107,"Liga Regular","LR",0,0,5884,2861,"Semana 1","1",4391,2665,"La Laguna Tenerife","La Laguna TFE","LLT",4396,2670,"BAXI Manresa","BAXI Manresa","BAX",104,93,1759536000,64800,FALSE,TRUE,FALSE,"Pab. Dep. Tenerife Santiago Martín","San Cristóbal de La Laguna",4,0,"Jornada 1"
104460,1,"Liga Nacional","Liga Endesa",-402534000,NA,"https://www.acb.com/Documentos/Cabeceras/logo-competicion-1b.png","https://www.acb.com/Documentos/Cabeceras/logo-competicion-4a.png",90,2025,107,107,"Liga Regular","LR",0,0,5884,2861,"Semana 1","1",4402,2680,"Recoletas Salud San Pablo Burgos","Recoletas Salud","BUR",4399,2673,"Bàsquet Girona","Bàsquet Girona","GIR",97,79,1759536000,61200,FALSE,TRUE,FALSE,"Coliseum Burgos","Burgos",4,0,"Jornada 1"
104459,1,"Liga Nacional","Liga Endesa",-402534000,NA,"https://www.acb.com/Documentos/Cabeceras/logo-competicion-1b.png","https://www.acb.com/Documentos/Cabeceras/logo-competicion-4a.png",90,2025,107,107,"Liga Regular","LR",0,0,5884,2861,"Semana 1","1",4384,2658,"Unicaja","Unicaja","UNI",4389,2711,"Surne Bilbao Basket","Surne Bilbao","SBB",86,68,1759536000,57600,FALSE,TRUE,FALSE,"Palacio de Deportes José María Martín Carpena","Málaga",4,0,"Jornada 1"
104476,1,"Liga Nacional","Liga Endesa",-402534000,NA,"https://www.acb.com/Documentos/Cabeceras/logo-competicion-1b.png","https://www.acb.com/Documentos/Cabeceras/logo-competicion-4a.png",90,2025,107,107,"Liga Regular","LR",0,0,5885,2862,"Semana 2","2",4398,2710,"Baskonia","Baskonia","BKN",4388,2662,"Real Madrid","Real Madrid","RMB",105,100,1760227200,61200,FALSE,TRUE,FALSE,"Fernando Buesa Arena","Vitoria-Gasteiz",4,0,"Jornada 2"
104475,1,"Liga Nacional","Liga Endesa",-402534000,NA,"https://www.acb.com/Documentos/Cabeceras/logo-competicion-1b.png","https://www.acb.com/Documentos/Cabeceras/logo-competicion-4a.png",90,2025,107,107,"Liga Regular","LR",0,0,5885,2862,"Semana 2","2",4389,2711,"Surne Bilbao Basket","Surne Bilbao","SBB",4402,2680,"Recoletas Salud San Pablo Burgos","Recoletas Salud","BUR",95,85,1760227200,57600,FALSE,TRUE,FALSE,"Bilbao Arena","Bilbao",4,0,"Jornada 2"
104474,1,"Liga Nacional","Liga Endesa",-402534000,NA,"https://www.acb.com/Documentos/Cabeceras/logo-competicion-1b.png","https://www.acb.com/Documentos/Cabeceras/logo-competicion-4a.png",90,2025,107,107,"Liga Regular","LR",0,0,5885,2862,"Semana 2","2",4395,2669,"Río Breogán","Río Breogán","BRE",4397,2671,"Valencia Basket","Valencia Basket","VBC",90,113,1760227200,54000,FALSE,TRUE,FALSE,"Pazo Provincial dos Deportes de Lugo","Lugo",4,0,"Jornada 2"
104473,1,"Liga Nacional","Liga Endesa",-402534000,NA,"https://www.acb.com/Documentos/Cabeceras/logo-competicion-1b.png","https://www.acb.com/Documentos/Cabeceras/logo-competicion-4a.png",90,2025,107,107,"Liga Regular","LR",0,0,5885,2862,"Semana 2","2",4386,2660,"Barça","Barça","BAR",4387,2661,"Hiopos Lleida","Hiopos Lleida","HIO",86,91,1760227200,36900,FALSE,TRUE,FALSE,"Palau Blaugrana","Barcelona",4,0,"Jornada 2"
104472,1,"Liga Nacional","Liga Endesa",-402534000,NA,"https://www.acb.com/Documentos/Cabeceras/logo-competicion-1b.png","https://www.acb.com/Documentos/Cabeceras/logo-competicion-4a.png",90,2025,107,107,"Liga Regular","LR",0,0,5885,2862,"Semana 2","2",4394,2668,"Joventut Badalona","Joventut","JOV",4392,2666,"Casademont Zaragoza","Casademont Zgz","CAZ",89,86,1760227200,36000,FALSE,TRUE,FALSE,"Palau Municipal D´Esports de Badalona","Badalona",4,0,"Jornada 2"
104471,1,"Liga Nacional","Liga Endesa",-402534000,NA,"https://www.acb.com/Documentos/Cabeceras/logo-competicion-1b.png","https://www.acb.com/Documentos/Cabeceras/logo-competicion-4a.png",90,2025,107,107,"Liga Regular","LR",0,0,5885,2862,"Semana 2","2",4396,2670,"BAXI Manresa","BAXI Manresa","BAX",4401,2674,"Coviran Granada","Coviran Granada","COV",83,68,1760140800,68400,FALSE,TRUE,FALSE,"Pavelló Nou Congost","Manresa",4,0,"Jornada 2"
104470,1,"Liga Nacional","Liga Endesa",-402534000,NA,"https://www.acb.com/Documentos/Cabeceras/logo-competicion-1b.png","https://www.acb.com/Documentos/Cabeceras/logo-competicion-4a.png",90,2025,107,107,"Liga Regular","LR",0,0,5885,2862,"Semana 2","2",4390,2664,"Dreamland Gran Canaria","Dreamland GC","DGC",4384,2658,"Unicaja","Unicaja","UNI",72,81,1760140800,64800,FALSE,TRUE,FALSE,"Gran Canaria Arena","Las Palmas de Gran Canaria",4,0,"Jornada 2"
104469,1,"Liga Nacional","Liga Endesa",-402534000,NA,"https://www.acb.com/Documentos/Cabeceras/logo-competicion-1b.png","https://www.acb.com/Documentos/Cabeceras/logo-competicion-4a.png",90,2025,107,107,"Liga Regular","LR",0,0,5885,2862,"Semana 2","2",4385,2659,"MoraBanc Andorra","MoraBanc And","MBA",4391,2665,"La Laguna Tenerife","La Laguna TFE","LLT",64,96,1760140800,61200,FALSE,TRUE,FALSE,"Pavelló Toni Martí","Andorra La Vella",4,0,"Jornada 2"
104468,1,"Liga Nacional","Liga Endesa",-402534000,NA,"https://www.acb.com/Documentos/Cabeceras/logo-competicion-1b.png","https://www.acb.com/Documentos/Cabeceras/logo-competicion-4a.png",90,2025,107,107,"Liga Regular","LR",0,0,5885,2862,"Semana 2","2",4399,2673,"Bàsquet Girona","Bàsquet Girona","GIR",4393,2667,"UCAM Murcia","UCAM Murcia","UCM",71,93,1760140800,57600,FALSE,TRUE,FALSE,"Palau Girona-Fontajau","Girona",4,0,"Jornada 2"
104485,1,"Liga Nacional","Liga Endesa",-402534000,NA,"https://www.acb.com/Documentos/Cabeceras/logo-competicion-1b.png","https://www.acb.com/Documentos/Cabeceras/logo-competicion-4a.png",90,2025,107,107,"Liga Regular","LR",0,0,5886,2863,"Semana 3","3",4384,2658,"Unicaja","Unicaja","UNI",4386,2660,"Barça","Barça","BAR",77,83,1760832000,61200,FALSE,TRUE,FALSE,"Palacio de Deportes José María Martín Carpena","Málaga",4,0,"Jornada 3"
104484,1,"Liga Nacional","Liga Endesa",-402534000,NA,"https://www.acb.com/Documentos/Cabeceras/logo-competicion-1b.png","https://www.acb.com/Documentos/Cabeceras/logo-competicion-4a.png",90,2025,107,107,"Liga Regular","LR",0,0,5886,2863,"Semana 3","3",4401,2674,"Coviran Granada","Coviran Granada","COV",4398,2710,"Baskonia","Baskonia","BKN",80,83,1760832000,57600,FALSE,TRUE,FALSE,"Palacio Deportes Granada","Granada",4,0,"Jornada 3"
104483,1,"Liga Nacional","Liga Endesa",-402534000,NA,"https://www.acb.com/Documentos/Cabeceras/logo-competicion-1b.png","https://www.acb.com/Documentos/Cabeceras/logo-competicion-4a.png",90,2025,107,107,"Liga Regular","LR",0,0,5886,2863,"Semana 3","3",4387,2661,"Hiopos Lleida","Hiopos Lleida","HIO",4397,2671,"Valencia Basket","Valencia Basket","VBC",78,99,1760832000,54000,FALSE,TRUE,FALSE,"Espai Fruita Barris Nord","Lleida",4,0,"Jornada 3"
104482,1,"Liga Nacional","Liga Endesa",-402534000,NA,"https://www.acb.com/Documentos/Cabeceras/logo-competicion-1b.png","https://www.acb.com/Documentos/Cabeceras/logo-competicion-4a.png",90,2025,107,107,"Liga Regular","LR",0,0,5886,2863,"Semana 3","3",4388,2662,"Real Madrid","Real Madrid","RMB",4402,2680,"Recoletas Salud San Pablo Burgos","Recoletas Salud","BUR",90,80,1760832000,37800,FALSE,TRUE,FALSE,"Movistar Arena","Madrid",4,0,"Jornada 3"
104481,1,"Liga Nacional","Liga Endesa",-402534000,NA,"https://www.acb.com/Documentos/Cabeceras/logo-competicion-1b.png","https://www.acb.com/Documentos/Cabeceras/logo-competicion-4a.png",90,2025,107,107,"Liga Regular","LR",0,0,5886,2863,"Semana 3","3",4394,2668,"Joventut Badalona","Joventut","JOV",4389,2711,"Surne Bilbao Basket","Surne Bilbao","SBB",101,69,1760832000,36000,FALSE,TRUE,FALSE,"Palau Municipal D´Esports de Badalona","Badalona",4,0,"Jornada 3"
104479,1,"Liga Nacional","Liga Endesa",-402534000,NA,"https://www.acb.com/Documentos/Cabeceras/logo-competicion-1b.png","https://www.acb.com/Documentos/Cabeceras/logo-competicion-4a.png",90,2025,107,107,"Liga Regular","LR",0,0,5886,2863,"Semana 3","3",4392,2666,"Casademont Zaragoza","Casademont Zgz","CAZ",4395,2669,"Río Breogán","Río Breogán","BRE",84,88,1760745600,68400,FALSE,TRUE,FALSE,"Pabellón Príncipe Felipe","Zaragoza",4,0,"Jornada 3"
104478,1,"Liga Nacional","Liga Endesa",-402534000,NA,"https://www.acb.com/Documentos/Cabeceras/logo-competicion-1b.png","https://www.acb.com/Documentos/Cabeceras/logo-competicion-4a.png",90,2025,107,107,"Liga Regular","LR",0,0,5886,2863,"Semana 3","3",4391,2665,"La Laguna Tenerife","La Laguna TFE","LLT",4393,2667,"UCAM Murcia","UCAM Murcia","UCM",96,80,1760745600,64800,FALSE,TRUE,FALSE,"Pab. Dep. Tenerife Santiago Martín","San Cristóbal de La Laguna",4,0,"Jornada 3"
104480,1,"Liga Nacional","Liga Endesa",-402534000,NA,"https://www.acb.com/Documentos/Cabeceras/logo-competicion-1b.png","https://www.acb.com/Documentos/Cabeceras/logo-competicion-4a.png",90,2025,107,107,"Liga Regular","LR",0,0,5886,2863,"Semana 3","3",4385,2659,"MoraBanc Andorra","MoraBanc And","MBA",4399,2673,"Bàsquet Girona","Bàsquet Girona","GIR",115,113,1760745600,61200,FALSE,TRUE,FALSE,"Pavelló Toni Martí","Andorra La Vella",6,0,"Jornada 3"
104477,1,"Liga Nacional","Liga Endesa",-402534000,NA,"https://www.acb.com/Documentos/Cabeceras/logo-competicion-1b.png","https://www.acb.com/Documentos/Cabeceras/logo-competicion-4a.png",90,2025,107,107,"Liga Regular","LR",0,0,5886,2863,"Semana 3","3",4396,2670,"BAXI Manresa","BAXI Manresa","BAX",4390,2664,"Dreamland Gran Canaria","Dreamland GC","DGC",80,87,1760745600,57600,FALSE,TRUE,FALSE,"Pavelló Nou Congost","Manresa",4,0,"Jornada 3"
104494,1,"Liga Nacional","Liga Endesa",-402534000,NA,"https://www.acb.com/Documentos/Cabeceras/logo-competicion-1b.png","https://www.acb.com/Documentos/Cabeceras/logo-competicion-4a.png",90,2025,107,107,"Liga Regular","LR",0,0,5887,2864,"Semana 4","4",4388,2662,"Real Madrid","Real Madrid","RMB",4396,2670,"BAXI Manresa","BAXI Manresa","BAX",87,75,1761436800,64800,FALSE,TRUE,FALSE,"Movistar Arena","Madrid",4,0,"Jornada 4"
104493,1,"Liga Nacional","Liga Endesa",-402534000,NA,"https://www.acb.com/Documentos/Cabeceras/logo-competicion-1b.png","https://www.acb.com/Documentos/Cabeceras/logo-competicion-4a.png",90,2025,107,107,"Liga Regular","LR",0,0,5887,2864,"Semana 4","4",4397,2671,"Valencia Basket","Valencia Basket","VBC",4394,2668,"Joventut Badalona","Joventut","JOV",102,90,1761436800,61200,FALSE,TRUE,FALSE,"Roig Arena","Valencia",4,0,"Jornada 4"
104492,1,"Liga Nacional","Liga Endesa",-402534000,NA,"https://www.acb.com/Documentos/Cabeceras/logo-competicion-1b.png","https://www.acb.com/Documentos/Cabeceras/logo-competicion-4a.png",90,2025,107,107,"Liga Regular","LR",0,0,5887,2864,"Semana 4","4",4389,2711,"Surne Bilbao Basket","Surne Bilbao","SBB",4385,2659,"MoraBanc Andorra","MoraBanc And","MBA",81,71,1761436800,57600,FALSE,TRUE,FALSE,"Bilbao Arena","Bilbao",4,0,"Jornada 4"
104491,1,"Liga Nacional","Liga Endesa",-402534000,NA,"https://www.acb.com/Documentos/Cabeceras/logo-competicion-1b.png","https://www.acb.com/Documentos/Cabeceras/logo-competicion-4a.png",90,2025,107,107,"Liga Regular","LR",0,0,5887,2864,"Semana 4","4",4393,2667,"UCAM Murcia","UCAM Murcia","UCM",4398,2710,"Baskonia","Baskonia","BKN",89,84,1761436800,41400,FALSE,TRUE,FALSE,"Palacio de Deportes de Murcia","Murcia",4,0,"Jornada 4"
104490,1,"Liga Nacional","Liga Endesa",-402534000,NA,"https://www.acb.com/Documentos/Cabeceras/logo-competicion-1b.png","https://www.acb.com/Documentos/Cabeceras/logo-competicion-4a.png",90,2025,107,107,"Liga Regular","LR",0,0,5887,2864,"Semana 4","4",4399,2673,"Bàsquet Girona","Bàsquet Girona","GIR",4390,2664,"Dreamland Gran Canaria","Dreamland GC","DGC",85,81,1761436800,39600,FALSE,TRUE,FALSE,"Palau Girona-Fontajau","Girona",4,0,"Jornada 4"
104489,1,"Liga Nacional","Liga Endesa",-402534000,NA,"https://www.acb.com/Documentos/Cabeceras/logo-competicion-1b.png","https://www.acb.com/Documentos/Cabeceras/logo-competicion-4a.png",90,2025,107,107,"Liga Regular","LR",0,0,5887,2864,"Semana 4","4",4402,2680,"Recoletas Salud San Pablo Burgos","Recoletas Salud","BUR",4392,2666,"Casademont Zaragoza","Casademont Zgz","CAZ",89,102,1761350400,68400,FALSE,TRUE,FALSE,"Coliseum Burgos","Burgos",4,0,"Jornada 4"
104488,1,"Liga Nacional","Liga Endesa",-402534000,NA,"https://www.acb.com/Documentos/Cabeceras/logo-competicion-1b.png","https://www.acb.com/Documentos/Cabeceras/logo-competicion-4a.png",90,2025,107,107,"Liga Regular","LR",0,0,5887,2864,"Semana 4","4",4391,2665,"La Laguna Tenerife","La Laguna TFE","LLT",4384,2658,"Unicaja","Unicaja","UNI",95,79,1761350400,64800,FALSE,TRUE,FALSE,"Pab. Dep. Tenerife Santiago Martín","San Cristóbal de La Laguna",4,0,"Jornada 4"
104487,1,"Liga Nacional","Liga Endesa",-402534000,NA,"https://www.acb.com/Documentos/Cabeceras/logo-competicion-1b.png","https://www.acb.com/Documentos/Cabeceras/logo-competicion-4a.png",90,2025,107,107,"Liga Regular","LR",0,0,5887,2864,"Semana 4","4",4386,2660,"Barça","Barça","BAR",4395,2669,"Río Breogán","Río Breogán","BRE",100,85,1761350400,61200,FALSE,TRUE,FALSE,"Palau Blaugrana","Barcelona",4,0,"Jornada 4"
104486,1,"Liga Nacional","Liga Endesa",-402534000,NA,"https://www.acb.com/Documentos/Cabeceras/logo-competicion-1b.png","https://www.acb.com/Documentos/Cabeceras/logo-competicion-4a.png",90,2025,107,107,"Liga Regular","LR",0,0,5887,2864,"Semana 4","4",4387,2661,"Hiopos Lleida","Hiopos Lleida","HIO",4401,2674,"Coviran Granada","Coviran Granada","COV",99,90,1761350400,57600,FALSE,TRUE,FALSE,"Espai Fruita Barris Nord","Lleida",4,0,"Jornada 4"
104503,1,"Liga Nacional","Liga Endesa",-402534000,NA,"https://www.acb.com/Documentos/Cabeceras/logo-competicion-1b.png","https://www.acb.com/Documentos/Cabeceras/logo-competicion-4a.png",90,2025,107,107,"Liga Regular","LR",0,0,5888,2865,"Semana 5","5",4398,2710,"Baskonia","Baskonia","BKN",4391,2665,"La Laguna Tenerife","La Laguna TFE","LLT",89,79,1762041600,64800,FALSE,TRUE,FALSE,"Fernando Buesa Arena","Vitoria-Gasteiz",4,0,"Jornada 5"
104502,1,"Liga Nacional","Liga Endesa",-402534000,NA,"https://www.acb.com/Documentos/Cabeceras/logo-competicion-1b.png","https://www.acb.com/Documentos/Cabeceras/logo-competicion-4a.png",90,2025,107,107,"Liga Regular","LR",0,0,5888,2865,"Semana 5","5",4397,2671,"Valencia Basket","Valencia Basket","VBC",4402,2680,"Recoletas Salud San Pablo Burgos","Recoletas Salud","BUR",100,82,1762041600,61200,FALSE,TRUE,FALSE,"Roig Arena","Valencia",4,0,"Jornada 5"
104501,1,"Liga Nacional","Liga Endesa",-402534000,NA,"https://www.acb.com/Documentos/Cabeceras/logo-competicion-1b.png","https://www.acb.com/Documentos/Cabeceras/logo-competicion-4a.png",90,2025,107,107,"Liga Regular","LR",0,0,5888,2865,"Semana 5","5",4386,2660,"Barça","Barça","BAR",4393,2667,"UCAM Murcia","UCAM Murcia","UCM",78,81,1762041600,57600,FALSE,TRUE,FALSE,"Palau Blaugrana","Barcelona",4,0,"Jornada 5"
104500,1,"Liga Nacional","Liga Endesa",-402534000,NA,"https://www.acb.com/Documentos/Cabeceras/logo-competicion-1b.png","https://www.acb.com/Documentos/Cabeceras/logo-competicion-4a.png",90,2025,107,107,"Liga Regular","LR",0,0,5888,2865,"Semana 5","5",4392,2666,"Casademont Zaragoza","Casademont Zgz","CAZ",4388,2662,"Real Madrid","Real Madrid","RMB",83,95,1762041600,41400,FALSE,TRUE,FALSE,"Pabellón Príncipe Felipe","Zaragoza",4,0,"Jornada 5"
104499,1,"Liga Nacional","Liga Endesa",-402534000,NA,"https://www.acb.com/Documentos/Cabeceras/logo-competicion-1b.png","https://www.acb.com/Documentos/Cabeceras/logo-competicion-4a.png",90,2025,107,107,"Liga Regular","LR",0,0,5888,2865,"Semana 5","5",4394,2668,"Joventut Badalona","Joventut","JOV",4387,2661,"Hiopos Lleida","Hiopos Lleida","HIO",82,68,1762041600,39600,FALSE,TRUE,FALSE,"Palau Municipal D´Esports de Badalona","Badalona",4,0,"Jornada 5"
104498,1,"Liga Nacional","Liga Endesa",-402534000,NA,"https://www.acb.com/Documentos/Cabeceras/logo-competicion-1b.png","https://www.acb.com/Documentos/Cabeceras/logo-competicion-4a.png",90,2025,107,107,"Liga Regular","LR",0,0,5888,2865,"Semana 5","5",4395,2669,"Río Breogán","Río Breogán","BRE",4401,2674,"Coviran Granada","Coviran Granada","COV",95,74,1761955200,72000,FALSE,TRUE,FALSE,"Pazo Provincial dos Deportes de Lugo","Lugo",4,0,"Jornada 5"
104497,1,"Liga Nacional","Liga Endesa",-402534000,NA,"https://www.acb.com/Documentos/Cabeceras/logo-competicion-1b.png","https://www.acb.com/Documentos/Cabeceras/logo-competicion-4a.png",90,2025,107,107,"Liga Regular","LR",0,0,5888,2865,"Semana 5","5",4390,2664,"Dreamland Gran Canaria","Dreamland GC","DGC",4385,2659,"MoraBanc Andorra","MoraBanc And","MBA",102,85,1761955200,68400,FALSE,TRUE,FALSE,"Gran Canaria Arena","Las Palmas de Gran Canaria",4,0,"Jornada 5"
104496,1,"Liga Nacional","Liga Endesa",-402534000,NA,"https://www.acb.com/Documentos/Cabeceras/logo-competicion-1b.png","https://www.acb.com/Documentos/Cabeceras/logo-competicion-4a.png",90,2025,107,107,"Liga Regular","LR",0,0,5888,2865,"Semana 5","5",4384,2658,"Unicaja","Unicaja","UNI",4399,2673,"Bàsquet Girona","Bàsquet Girona","GIR",95,71,1761955200,64800,FALSE,TRUE,FALSE,"Palacio de Deportes José María Martín Carpena","Málaga",4,0,"Jornada 5"
104495,1,"Liga Nacional","Liga Endesa",-402534000,NA,"https://www.acb.com/Documentos/Cabeceras/logo-competicion-1b.png","https://www.acb.com/Documentos/Cabeceras/logo-competicion-4a.png",90,2025,107,107,"Liga Regular","LR",0,0,5888,2865,"Semana 5","5",4396,2670,"BAXI Manresa","BAXI Manresa","BAX",4389,2711,"Surne Bilbao Basket","Surne Bilbao","SBB",79,77,1761955200,61200,FALSE,TRUE,FALSE,"Pavelló Nou Congost","Manresa",4,0,"Jornada 5"
104512,1,"Liga Nacional","Liga Endesa",-402534000,NA,"https://www.acb.com/Documentos/Cabeceras/logo-competicion-1b.png","https://www.acb.com/Documentos/Cabeceras/logo-competicion-4a.png",90,2025,107,107,"Liga Regular","LR",0,0,5889,2866,"Semana 6","6",4394,2668,"Joventut Badalona","Joventut","JOV",4388,2662,"Real Madrid","Real Madrid","RMB",75,80,1762646400,64800,FALSE,TRUE,FALSE,"Palau Municipal D´Esports de Badalona","Badalona",4,0,"Jornada 6"
104511,1,"Liga Nacional","Liga Endesa",-402534000,NA,"https://www.acb.com/Documentos/Cabeceras/logo-competicion-1b.png","https://www.acb.com/Documentos/Cabeceras/logo-competicion-4a.png",90,2025,107,107,"Liga Regular","LR",0,0,5889,2866,"Semana 6","6",4389,2711,"Surne Bilbao Basket","Surne Bilbao","SBB",4392,2666,"Casademont Zaragoza","Casademont Zgz","CAZ",106,75,1762646400,61200,FALSE,TRUE,FALSE,"Bilbao Arena","Bilbao",4,0,"Jornada 6"
104510,1,"Liga Nacional","Liga Endesa",-402534000,NA,"https://www.acb.com/Documentos/Cabeceras/logo-competicion-1b.png","https://www.acb.com/Documentos/Cabeceras/logo-competicion-4a.png",90,2025,107,107,"Liga Regular","LR",0,0,5889,2866,"Semana 6","6",4401,2674,"Coviran Granada","Coviran Granada","COV",4397,2671,"Valencia Basket","Valencia Basket","VBC",85,79,1762646400,57600,FALSE,TRUE,FALSE,"Palacio Deportes Granada","Granada",4,0,"Jornada 6"
104509,1,"Liga Nacional","Liga Endesa",-402534000,NA,"https://www.acb.com/Documentos/Cabeceras/logo-competicion-1b.png","https://www.acb.com/Documentos/Cabeceras/logo-competicion-4a.png",90,2025,107,107,"Liga Regular","LR",0,0,5889,2866,"Semana 6","6",4399,2673,"Bàsquet Girona","Bàsquet Girona","GIR",4386,2660,"Barça","Barça","BAR",96,78,1762646400,40500,FALSE,TRUE,FALSE,"Palau Girona-Fontajau","Girona",4,0,"Jornada 6"
104508,1,"Liga Nacional","Liga Endesa",-402534000,NA,"https://www.acb.com/Documentos/Cabeceras/logo-competicion-1b.png","https://www.acb.com/Documentos/Cabeceras/logo-competicion-4a.png",90,2025,107,107,"Liga Regular","LR",0,0,5889,2866,"Semana 6","6",4387,2661,"Hiopos Lleida","Hiopos Lleida","HIO",4398,2710,"Baskonia","Baskonia","BKN",86,80,1762646400,39600,FALSE,TRUE,FALSE,"Espai Fruita Barris Nord","Lleida",4,0,"Jornada 6"
104507,1,"Liga Nacional","Liga Endesa",-402534000,NA,"https://www.acb.com/Documentos/Cabeceras/logo-competicion-1b.png","https://www.acb.com/Documentos/Cabeceras/logo-competicion-4a.png",90,2025,107,107,"Liga Regular","LR",0,0,5889,2866,"Semana 6","6",4385,2659,"MoraBanc Andorra","MoraBanc And","MBA",4384,2658,"Unicaja","Unicaja","UNI",98,74,1762560000,72000,FALSE,TRUE,FALSE,"Pavelló Toni Martí","Andorra La Vella",4,0,"Jornada 6"
104506,1,"Liga Nacional","Liga Endesa",-402534000,NA,"https://www.acb.com/Documentos/Cabeceras/logo-competicion-1b.png","https://www.acb.com/Documentos/Cabeceras/logo-competicion-4a.png",90,2025,107,107,"Liga Regular","LR",0,0,5889,2866,"Semana 6","6",4391,2665,"La Laguna Tenerife","La Laguna TFE","LLT",4402,2680,"Recoletas Salud San Pablo Burgos","Recoletas Salud","BUR",101,97,1762560000,68400,FALSE,TRUE,FALSE,"Pab. Dep. Tenerife Santiago Martín","San Cristóbal de La Laguna",4,0,"Jornada 6"
104505,1,"Liga Nacional","Liga Endesa",-402534000,NA,"https://www.acb.com/Documentos/Cabeceras/logo-competicion-1b.png","https://www.acb.com/Documentos/Cabeceras/logo-competicion-4a.png",90,2025,107,107,"Liga Regular","LR",0,0,5889,2866,"Semana 6","6",4395,2669,"Río Breogán","Río Breogán","BRE",4390,2664,"Dreamland Gran Canaria","Dreamland GC","DGC",81,92,1762560000,64800,FALSE,TRUE,FALSE,"Pazo Provincial dos Deportes de Lugo","Lugo",4,0,"Jornada 6"
104504,1,"Liga Nacional","Liga Endesa",-402534000,NA,"https://www.acb.com/Documentos/Cabeceras/logo-competicion-1b.png","https://www.acb.com/Documentos/Cabeceras/logo-competicion-4a.png",90,2025,107,107,"Liga Regular","LR",0,0,5889,2866,"Semana 6","6",4393,2667,"UCAM Murcia","UCAM Murcia","UCM",4396,2670,"BAXI Manresa","BAXI Manresa","BAX",84,65,1762560000,61200,FALSE,TRUE,FALSE,"Palacio de Deportes de Murcia","Murcia",4,0,"Jornada 6"
104521,1,"Liga Nacional","Liga Endesa",-402534000,NA,"https://www.acb.com/Documentos/Cabeceras/logo-competicion-1b.png","https://www.acb.com/Documentos/Cabeceras/logo-competicion-4a.png",90,2025,107,107,"Liga Regular","LR",0,0,5890,2867,"Semana 7","7",4386,2660,"Barça","Barça","BAR",4398,2710,"Baskonia","Baskonia","BKN",91,83,1763251200,64800,FALSE,TRUE,FALSE,"Palau Blaugrana","Barcelona",4,0,"Jornada 7"
104520,1,"Liga Nacional","Liga Endesa",-402534000,NA,"https://www.acb.com/Documentos/Cabeceras/logo-competicion-1b.png","https://www.acb.com/Documentos/Cabeceras/logo-competicion-4a.png",90,2025,107,107,"Liga Regular","LR",0,0,5890,2867,"Semana 7","7",4393,2667,"UCAM Murcia","UCAM Murcia","UCM",4395,2669,"Río Breogán","Río Breogán","BRE",83,96,1763251200,61200,FALSE,TRUE,FALSE,"Palacio de Deportes de Murcia","Murcia",4,0,"Jornada 7"
104519,1,"Liga Nacional","Liga Endesa",-402534000,NA,"https://www.acb.com/Documentos/Cabeceras/logo-competicion-1b.png","https://www.acb.com/Documentos/Cabeceras/logo-competicion-4a.png",90,2025,107,107,"Liga Regular","LR",0,0,5890,2867,"Semana 7","7",4388,2662,"Real Madrid","Real Madrid","RMB",4389,2711,"Surne Bilbao Basket","Surne Bilbao","SBB",82,70,1763251200,57600,FALSE,TRUE,FALSE,"Movistar Arena","Madrid",4,0,"Jornada 7"
104518,1,"Liga Nacional","Liga Endesa",-402534000,NA,"https://www.acb.com/Documentos/Cabeceras/logo-competicion-1b.png","https://www.acb.com/Documentos/Cabeceras/logo-competicion-4a.png",90,2025,107,107,"Liga Regular","LR",0,0,5890,2867,"Semana 7","7",4397,2671,"Valencia Basket","Valencia Basket","VBC",4391,2665,"La Laguna Tenerife","La Laguna TFE","LLT",96,79,1763251200,41400,FALSE,TRUE,FALSE,"Roig Arena","Valencia",4,0,"Jornada 7"
104517,1,"Liga Nacional","Liga Endesa",-402534000,NA,"https://www.acb.com/Documentos/Cabeceras/logo-competicion-1b.png","https://www.acb.com/Documentos/Cabeceras/logo-competicion-4a.png",90,2025,107,107,"Liga Regular","LR",0,0,5890,2867,"Semana 7","7",4396,2670,"BAXI Manresa","BAXI Manresa","BAX",4387,2661,"Hiopos Lleida","Hiopos Lleida","HIO",99,86,1763251200,39600,FALSE,TRUE,FALSE,"Pavelló Nou Congost","Manresa",4,0,"Jornada 7"
104516,1,"Liga Nacional","Liga Endesa",-402534000,NA,"https://www.acb.com/Documentos/Cabeceras/logo-competicion-1b.png","https://www.acb.com/Documentos/Cabeceras/logo-competicion-4a.png",90,2025,107,107,"Liga Regular","LR",0,0,5890,2867,"Semana 7","7",4402,2680,"Recoletas Salud San Pablo Burgos","Recoletas Salud","BUR",4385,2659,"MoraBanc Andorra","MoraBanc And","MBA",86,93,1763164800,72000,FALSE,TRUE,FALSE,"Coliseum Burgos","Burgos",4,0,"Jornada 7"
104515,1,"Liga Nacional","Liga Endesa",-402534000,NA,"https://www.acb.com/Documentos/Cabeceras/logo-competicion-1b.png","https://www.acb.com/Documentos/Cabeceras/logo-competicion-4a.png",90,2025,107,107,"Liga Regular","LR",0,0,5890,2867,"Semana 7","7",4390,2664,"Dreamland Gran Canaria","Dreamland GC","DGC",4394,2668,"Joventut Badalona","Joventut","JOV",78,92,1763164800,68400,FALSE,TRUE,FALSE,"Gran Canaria Arena","Las Palmas de Gran Canaria",4,0,"Jornada 7"
104514,1,"Liga Nacional","Liga Endesa",-402534000,NA,"https://www.acb.com/Documentos/Cabeceras/logo-competicion-1b.png","https://www.acb.com/Documentos/Cabeceras/logo-competicion-4a.png",90,2025,107,107,"Liga Regular","LR",0,0,5890,2867,"Semana 7","7",4392,2666,"Casademont Zaragoza","Casademont Zgz","CAZ",4384,2658,"Unicaja","Unicaja","UNI",79,86,1763164800,64800,FALSE,TRUE,FALSE,"Pabellón Príncipe Felipe","Zaragoza",4,0,"Jornada 7"
104513,1,"Liga Nacional","Liga Endesa",-402534000,NA,"https://www.acb.com/Documentos/Cabeceras/logo-competicion-1b.png","https://www.acb.com/Documentos/Cabeceras/logo-competicion-4a.png",90,2025,107,107,"Liga Regular","LR",0,0,5890,2867,"Semana 7","7",4399,2673,"Bàsquet Girona","Bàsquet Girona","GIR",4401,2674,"Coviran Granada","Coviran Granada","COV",82,76,1763164800,61200,FALSE,TRUE,FALSE,"Palau Girona-Fontajau","Girona",4,0,"Jornada 7"
104530,1,"Liga Nacional","Liga Endesa",-402534000,NA,"https://www.acb.com/Documentos/Cabeceras/logo-competicion-1b.png","https://www.acb.com/Documentos/Cabeceras/logo-competicion-4a.png",90,2025,107,107,"Liga Regular","LR",0,0,5891,2868,"Semana 8","8",4390,2664,"Dreamland Gran Canaria","Dreamland GC","DGC",4386,2660,"Barça","Barça","BAR",61,72,1763856000,64800,FALSE,TRUE,FALSE,"Gran Canaria Arena","Las Palmas de Gran Canaria",4,0,"Jornada 8"
104529,1,"Liga Nacional","Liga Endesa",-402534000,NA,"https://www.acb.com/Documentos/Cabeceras/logo-competicion-1b.png","https://www.acb.com/Documentos/Cabeceras/logo-competicion-4a.png",90,2025,107,107,"Liga Regular","LR",0,0,5891,2868,"Semana 8","8",4392,2666,"Casademont Zaragoza","Casademont Zgz","CAZ",4391,2665,"La Laguna Tenerife","La Laguna TFE","LLT",76,84,1763856000,61200,FALSE,TRUE,FALSE,"Pabellón Príncipe Felipe","Zaragoza",4,0,"Jornada 8"
104528,1,"Liga Nacional","Liga Endesa",-402534000,NA,"https://www.acb.com/Documentos/Cabeceras/logo-competicion-1b.png","https://www.acb.com/Documentos/Cabeceras/logo-competicion-4a.png",90,2025,107,107,"Liga Regular","LR",0,0,5891,2868,"Semana 8","8",4397,2671,"Valencia Basket","Valencia Basket","VBC",4399,2673,"Bàsquet Girona","Bàsquet Girona","GIR",98,72,1763856000,57600,FALSE,TRUE,FALSE,"Roig Arena","Valencia",4,0,"Jornada 8"
104527,1,"Liga Nacional","Liga Endesa",-402534000,NA,"https://www.acb.com/Documentos/Cabeceras/logo-competicion-1b.png","https://www.acb.com/Documentos/Cabeceras/logo-competicion-4a.png",90,2025,107,107,"Liga Regular","LR",0,0,5891,2868,"Semana 8","8",4398,2710,"Kosner Baskonia","Kosner Baskonia","BKN",4389,2711,"Surne Bilbao","Surne Bilbao","SBB",110,91,1763856000,41400,FALSE,TRUE,FALSE,"Fernando Buesa Arena","Vitoria-Gasteiz",4,0,"Jornada 8"
104526,1,"Liga Nacional","Liga Endesa",-402534000,NA,"https://www.acb.com/Documentos/Cabeceras/logo-competicion-1b.png","https://www.acb.com/Documentos/Cabeceras/logo-competicion-4a.png",90,2025,107,107,"Liga Regular","LR",0,0,5891,2868,"Semana 8","8",4385,2659,"MoraBanc Andorra","MoraBanc And","MBA",4394,2668,"Joventut Badalona","Joventut","JOV",76,83,1763856000,39600,FALSE,TRUE,FALSE,"Pavelló Toni Martí","Andorra La Vella",4,0,"Jornada 8"
104525,1,"Liga Nacional","Liga Endesa",-402534000,NA,"https://www.acb.com/Documentos/Cabeceras/logo-competicion-1b.png","https://www.acb.com/Documentos/Cabeceras/logo-competicion-4a.png",90,2025,107,107,"Liga Regular","LR",0,0,5891,2868,"Semana 8","8",4395,2669,"Río Breogán","Río Breogán","BRE",4402,2680,"Recoletas Salud San Pablo Burgos","Recoletas Salud","BUR",105,78,1763769600,72000,FALSE,TRUE,FALSE,"Pazo Provincial dos Deportes de Lugo","Lugo",4,0,"Jornada 8"
104524,1,"Liga Nacional","Liga Endesa",-402534000,NA,"https://www.acb.com/Documentos/Cabeceras/logo-competicion-1b.png","https://www.acb.com/Documentos/Cabeceras/logo-competicion-4a.png",90,2025,107,107,"Liga Regular","LR",0,0,5891,2868,"Semana 8","8",4384,2658,"Unicaja","Unicaja","UNI",4396,2670,"BAXI Manresa","BAXI Manresa","BAX",105,82,1763769600,68400,FALSE,TRUE,FALSE,"Palacio de Deportes José María Martín Carpena","Málaga",4,0,"Jornada 8"
104522,1,"Liga Nacional","Liga Endesa",-402534000,NA,"https://www.acb.com/Documentos/Cabeceras/logo-competicion-1b.png","https://www.acb.com/Documentos/Cabeceras/logo-competicion-4a.png",90,2025,107,107,"Liga Regular","LR",0,0,5891,2868,"Semana 8","8",4387,2661,"Hiopos Lleida","Hiopos Lleida","HIO",4393,2667,"UCAM Murcia","UCAM Murcia","UCM",71,107,1763769600,61200,FALSE,TRUE,FALSE,"Espai Fruita Barris Nord","Lleida",4,0,"Jornada 8"
104523,1,"Liga Nacional","Liga Endesa",-402534000,NA,"https://www.acb.com/Documentos/Cabeceras/logo-competicion-1b.png","https://www.acb.com/Documentos/Cabeceras/logo-competicion-4a.png",90,2025,107,107,"Liga Regular","LR",0,0,5891,2868,"Semana 8","8",4401,2674,"Coviran Granada","Coviran Granada","COV",4388,2662,"Real Madrid","Real Madrid","RMB",100,111,1763769600,61200,FALSE,TRUE,FALSE,"Palacio Deportes Granada","Granada",4,0,"Jornada 8"
104539,1,"Liga Nacional","Liga Endesa",-402534000,NA,"https://www.acb.com/Documentos/Cabeceras/logo-competicion-1b.png","https://www.acb.com/Documentos/Cabeceras/logo-competicion-4a.png",90,2025,107,107,"Liga Regular","LR",0,0,5892,2870,"Semana 10","9",4398,2710,"Kosner Baskonia","Kosner Baskonia","BKN",4397,2671,"Valencia Basket","Valencia Basket","VBC",89,91,1765065600,64800,FALSE,TRUE,FALSE,"Fernando Buesa Arena","Vitoria-Gasteiz",4,0,"Jornada 9"
104538,1,"Liga Nacional","Liga Endesa",-402534000,NA,"https://www.acb.com/Documentos/Cabeceras/logo-competicion-1b.png","https://www.acb.com/Documentos/Cabeceras/logo-competicion-4a.png",90,2025,107,107,"Liga Regular","LR",0,0,5892,2870,"Semana 10","9",4389,2711,"Surne Bilbao","Surne Bilbao","SBB",4390,2664,"Dreamland Gran Canaria","Dreamland GC","DGC",79,72,1765065600,61200,FALSE,TRUE,FALSE,"Bilbao Arena","Bilbao",4,0,"Jornada 9"
104537,1,"Liga Nacional","Liga Endesa",-402534000,NA,"https://www.acb.com/Documentos/Cabeceras/logo-competicion-1b.png","https://www.acb.com/Documentos/Cabeceras/logo-competicion-4a.png",90,2025,107,107,"Liga Regular","LR",0,0,5892,2870,"Semana 10","9",4386,2660,"Barça","Barça","BAR",4385,2659,"MoraBanc Andorra","MoraBanc And","MBA",102,71,1765065600,57600,FALSE,TRUE,FALSE,"Palau Blaugrana","Barcelona",4,0,"Jornada 9"
104536,1,"Liga Nacional","Liga Endesa",-402534000,NA,"https://www.acb.com/Documentos/Cabeceras/logo-competicion-1b.png","https://www.acb.com/Documentos/Cabeceras/logo-competicion-4a.png",90,2025,107,107,"Liga Regular","LR",0,0,5892,2870,"Semana 10","9",4391,2665,"La Laguna Tenerife","La Laguna TFE","LLT",4388,2662,"Real Madrid","Real Madrid","RMB",70,71,1765065600,43200,FALSE,TRUE,FALSE,"Pab. Dep. Tenerife Santiago Martín","San Cristóbal de La Laguna",4,0,"Jornada 9"
104535,1,"Liga Nacional","Liga Endesa",-402534000,NA,"https://www.acb.com/Documentos/Cabeceras/logo-competicion-1b.png","https://www.acb.com/Documentos/Cabeceras/logo-competicion-4a.png",90,2025,107,107,"Liga Regular","LR",0,0,5892,2870,"Semana 10","9",4394,2668,"Joventut Badalona","Joventut","JOV",4396,2670,"BAXI Manresa","BAXI Manresa","BAX",83,79,1765065600,39600,FALSE,TRUE,FALSE,"Palau Municipal D´Esports de Badalona","Badalona",4,0,"Jornada 9"
104534,1,"Liga Nacional","Liga Endesa",-402534000,NA,"https://www.acb.com/Documentos/Cabeceras/logo-competicion-1b.png","https://www.acb.com/Documentos/Cabeceras/logo-competicion-4a.png",90,2025,107,107,"Liga Regular","LR",0,0,5892,2870,"Semana 10","9",4399,2673,"Bàsquet Girona","Bàsquet Girona","GIR",4395,2669,"Río Breogán","Río Breogán","BRE",103,80,1764979200,72000,FALSE,TRUE,FALSE,"Palau Girona-Fontajau","Girona",4,0,"Jornada 9"
104533,1,"Liga Nacional","Liga Endesa",-402534000,NA,"https://www.acb.com/Documentos/Cabeceras/logo-competicion-1b.png","https://www.acb.com/Documentos/Cabeceras/logo-competicion-4a.png",90,2025,107,107,"Liga Regular","LR",0,0,5892,2870,"Semana 10","9",4401,2674,"Coviran Granada","Coviran Granada","COV",4392,2666,"Casademont Zaragoza","Casademont Zgz","CAZ",83,92,1764979200,68400,FALSE,TRUE,FALSE,"Palacio Deportes Granada","Granada",4,0,"Jornada 9"
104532,1,"Liga Nacional","Liga Endesa",-402534000,NA,"https://www.acb.com/Documentos/Cabeceras/logo-competicion-1b.png","https://www.acb.com/Documentos/Cabeceras/logo-competicion-4a.png",90,2025,107,107,"Liga Regular","LR",0,0,5892,2870,"Semana 10","9",4387,2661,"Hiopos Lleida","Hiopos Lleida","HIO",4384,2658,"Unicaja","Unicaja","UNI",88,89,1764979200,64800,FALSE,TRUE,FALSE,"Espai Fruita Barris Nord","Lleida",4,0,"Jornada 9"
104531,1,"Liga Nacional","Liga Endesa",-402534000,NA,"https://www.acb.com/Documentos/Cabeceras/logo-competicion-1b.png","https://www.acb.com/Documentos/Cabeceras/logo-competicion-4a.png",90,2025,107,107,"Liga Regular","LR",0,0,5892,2870,"Semana 10","9",4402,2680,"Recoletas Salud San Pablo Burgos","Recoletas Salud","BUR",4393,2667,"UCAM Murcia","UCAM Murcia","UCM",88,110,1764979200,61200,FALSE,TRUE,FALSE,"Coliseum Burgos","Burgos",4,0,"Jornada 9"
104548,1,"Liga Nacional","Liga Endesa",-402534000,NA,"https://www.acb.com/Documentos/Cabeceras/logo-competicion-1b.png","https://www.acb.com/Documentos/Cabeceras/logo-competicion-4a.png",90,2025,107,107,"Liga Regular","LR",0,0,5893,2871,"Semana 11","10",4396,2670,"BAXI Manresa","BAXI Manresa","BAX",4386,2660,"Barça","Barça","BAR",62,89,1765670400,64800,FALSE,TRUE,FALSE,"Pavelló Nou Congost","Manresa",4,0,"Jornada 10"
104546,1,"Liga Nacional","Liga Endesa",-402534000,NA,"https://www.acb.com/Documentos/Cabeceras/logo-competicion-1b.png","https://www.acb.com/Documentos/Cabeceras/logo-competicion-4a.png",90,2025,107,107,"Liga Regular","LR",0,0,5893,2871,"Semana 11","10",4388,2662,"Real Madrid","Real Madrid","RMB",4399,2673,"Bàsquet Girona","Bàsquet Girona","GIR",112,76,1765670400,57600,FALSE,TRUE,FALSE,"Movistar Arena","Madrid",4,0,"Jornada 10"
104540,1,"Liga Nacional","Liga Endesa",-402534000,NA,"https://www.acb.com/Documentos/Cabeceras/logo-competicion-1b.png","https://www.acb.com/Documentos/Cabeceras/logo-competicion-4a.png",90,2025,107,107,"Liga Regular","LR",0,0,5893,2871,"Semana 11","10",4393,2667,"UCAM Murcia","UCAM Murcia","UCM",4394,2668,"Joventut Badalona","Joventut","JOV",80,77,1765670400,41400,FALSE,TRUE,FALSE,"Palacio de Deportes de Murcia","Murcia",4,0,"Jornada 10"
104544,1,"Liga Nacional","Liga Endesa",-402534000,NA,"https://www.acb.com/Documentos/Cabeceras/logo-competicion-1b.png","https://www.acb.com/Documentos/Cabeceras/logo-competicion-4a.png",90,2025,107,107,"Liga Regular","LR",0,0,5893,2871,"Semana 11","10",4389,2711,"Surne Bilbao","Surne Bilbao","SBB",4387,2661,"Hiopos Lleida","Hiopos Lleida","HIO",93,75,1765670400,39600,FALSE,TRUE,FALSE,"Bilbao Arena","Bilbao",4,0,"Jornada 10"
104543,1,"Liga Nacional","Liga Endesa",-402534000,NA,"https://www.acb.com/Documentos/Cabeceras/logo-competicion-1b.png","https://www.acb.com/Documentos/Cabeceras/logo-competicion-4a.png",90,2025,107,107,"Liga Regular","LR",0,0,5893,2871,"Semana 11","10",4385,2659,"MoraBanc Andorra","MoraBanc And","MBA",4401,2674,"Coviran Granada","Coviran Granada","COV",86,81,1765584000,72000,FALSE,TRUE,FALSE,"Pavelló Toni Martí","Andorra La Vella",4,0,"Jornada 10"
104541,1,"Liga Nacional","Liga Endesa",-402534000,NA,"https://www.acb.com/Documentos/Cabeceras/logo-competicion-1b.png","https://www.acb.com/Documentos/Cabeceras/logo-competicion-4a.png",90,2025,107,107,"Liga Regular","LR",0,0,5893,2871,"Semana 11","10",4395,2669,"Río Breogán","Río Breogán","BRE",4391,2665,"La Laguna Tenerife","La Laguna TFE","LLT",96,108,1765584000,64800,FALSE,TRUE,FALSE,"Pazo Provincial dos Deportes de Lugo","Lugo",4,0,"Jornada 10"
104545,1,"Liga Nacional","Liga Endesa",-402534000,NA,"https://www.acb.com/Documentos/Cabeceras/logo-competicion-1b.png","https://www.acb.com/Documentos/Cabeceras/logo-competicion-4a.png",90,2025,107,107,"Liga Regular","LR",0,0,5893,2871,"Semana 11","10",4384,2658,"Unicaja","Unicaja","UNI",4402,2680,"Recoletas Salud San Pablo Burgos","Recoletas Salud","BUR",99,91,1765584000,61200,FALSE,TRUE,FALSE,"Palacio de Deportes José María Martín Carpena","Málaga",4,0,"Jornada 10"
104557,1,"Liga Nacional","Liga Endesa",-402534000,NA,"https://www.acb.com/Documentos/Cabeceras/logo-competicion-1b.png","https://www.acb.com/Documentos/Cabeceras/logo-competicion-4a.png",90,2025,107,107,"Liga Regular","LR",0,0,5894,2872,"Semana 12","11",4384,2658,"Unicaja","Unicaja","UNI",4398,2710,"Kosner Baskonia","Kosner Baskonia","BKN",90,93,1766275200,64800,FALSE,TRUE,FALSE,"Palacio de Deportes José María Martín Carpena","Málaga",4,0,"Jornada 11"
104556,1,"Liga Nacional","Liga Endesa",-402534000,NA,"https://www.acb.com/Documentos/Cabeceras/logo-competicion-1b.png","https://www.acb.com/Documentos/Cabeceras/logo-competicion-4a.png",90,2025,107,107,"Liga Regular","LR",0,0,5894,2872,"Semana 12","11",4392,2666,"Casademont Zaragoza","Casademont Zgz","CAZ",4385,2659,"MoraBanc Andorra","MoraBanc And","MBA",107,89,1766275200,61200,FALSE,TRUE,FALSE,"Pabellón Príncipe Felipe","Zaragoza",4,0,"Jornada 11"
104555,1,"Liga Nacional","Liga Endesa",-402534000,NA,"https://www.acb.com/Documentos/Cabeceras/logo-competicion-1b.png","https://www.acb.com/Documentos/Cabeceras/logo-competicion-4a.png",90,2025,107,107,"Liga Regular","LR",0,0,5894,2872,"Semana 12","11",4393,2667,"UCAM Murcia","UCAM Murcia","UCM",4397,2671,"Valencia Basket","Valencia Basket","VBC",92,80,1766275200,57600,FALSE,TRUE,FALSE,"Palacio de Deportes de Murcia","Murcia",4,0,"Jornada 11"
104554,1,"Liga Nacional","Liga Endesa",-402534000,NA,"https://www.acb.com/Documentos/Cabeceras/logo-competicion-1b.png","https://www.acb.com/Documentos/Cabeceras/logo-competicion-4a.png",90,2025,107,107,"Liga Regular","LR",0,0,5894,2872,"Semana 12","11",4386,2660,"Barça","Barça","BAR",4394,2668,"Joventut Badalona","Joventut","JOV",90,80,1766275200,41400,FALSE,TRUE,FALSE,"Palau Blaugrana","Barcelona",4,0,"Jornada 11"
104553,1,"Liga Nacional","Liga Endesa",-402534000,NA,"https://www.acb.com/Documentos/Cabeceras/logo-competicion-1b.png","https://www.acb.com/Documentos/Cabeceras/logo-competicion-4a.png",90,2025,107,107,"Liga Regular","LR",0,0,5894,2872,"Semana 12","11",4395,2669,"Río Breogán","Río Breogán","BRE",4389,2711,"Surne Bilbao","Surne Bilbao","SBB",100,99,1766275200,39600,FALSE,TRUE,FALSE,"Pazo Provincial dos Deportes de Lugo","Lugo",4,0,"Jornada 11"
104552,1,"Liga Nacional","Liga Endesa",-402534000,NA,"https://www.acb.com/Documentos/Cabeceras/logo-competicion-1b.png","https://www.acb.com/Documentos/Cabeceras/logo-competicion-4a.png",90,2025,107,107,"Liga Regular","LR",0,0,5894,2872,"Semana 12","11",4402,2680,"Recoletas Salud San Pablo Burgos","Recoletas Salud","BUR",4396,2670,"BAXI Manresa","BAXI Manresa","BAX",100,102,1766188800,72000,FALSE,TRUE,FALSE,"Coliseum Burgos","Burgos",5,0,"Jornada 11"
104550,1,"Liga Nacional","Liga Endesa",-402534000,NA,"https://www.acb.com/Documentos/Cabeceras/logo-competicion-1b.png","https://www.acb.com/Documentos/Cabeceras/logo-competicion-4a.png",90,2025,107,107,"Liga Regular","LR",0,0,5894,2872,"Semana 12","11",4387,2661,"Hiopos Lleida","Hiopos Lleida","HIO",4388,2662,"Real Madrid","Real Madrid","RMB",81,88,1766188800,64800,FALSE,TRUE,FALSE,"Espai Fruita Barris Nord","Lleida",4,0,"Jornada 11"
104551,1,"Liga Nacional","Liga Endesa",-402534000,NA,"https://www.acb.com/Documentos/Cabeceras/logo-competicion-1b.png","https://www.acb.com/Documentos/Cabeceras/logo-competicion-4a.png",90,2025,107,107,"Liga Regular","LR",0,0,5894,2872,"Semana 12","11",4390,2664,"Dreamland Gran Canaria","Dreamland GC","DGC",4401,2674,"Coviran Granada","Coviran Granada","COV",90,85,1766188800,64800,FALSE,TRUE,FALSE,"Gran Canaria Arena","Las Palmas de Gran Canaria",4,0,"Jornada 11"
104549,1,"Liga Nacional","Liga Endesa",-402534000,NA,"https://www.acb.com/Documentos/Cabeceras/logo-competicion-1b.png","https://www.acb.com/Documentos/Cabeceras/logo-competicion-4a.png",90,2025,107,107,"Liga Regular","LR",0,0,5894,2872,"Semana 12","11",4399,2673,"Bàsquet Girona","Bàsquet Girona","GIR",4391,2665,"La Laguna Tenerife","La Laguna TFE","LLT",89,96,1766188800,61200,FALSE,TRUE,FALSE,"Palau Girona-Fontajau","Girona",4,0,"Jornada 11"
104566,1,"Liga Nacional","Liga Endesa",-402534000,NA,"https://www.acb.com/Documentos/Cabeceras/logo-competicion-1b.png","https://www.acb.com/Documentos/Cabeceras/logo-competicion-4a.png",90,2025,107,107,"Liga Regular","LR",0,0,5895,2873,"Semana 13","12",4388,2662,"Real Madrid","Real Madrid","RMB",4384,2658,"Unicaja","Unicaja","UNI",91,82,1766880000,64800,FALSE,TRUE,FALSE,"Movistar Arena","Madrid",4,0,"Jornada 12"
104565,1,"Liga Nacional","Liga Endesa",-402534000,NA,"https://www.acb.com/Documentos/Cabeceras/logo-competicion-1b.png","https://www.acb.com/Documentos/Cabeceras/logo-competicion-4a.png",90,2025,107,107,"Liga Regular","LR",0,0,5895,2873,"Semana 13","12",4397,2671,"Valencia Basket","Valencia Basket","VBC",4385,2659,"MoraBanc Andorra","MoraBanc And","MBA",84,79,1766880000,61200,FALSE,TRUE,FALSE,"Roig Arena","Valencia",4,0,"Jornada 12"
104564,1,"Liga Nacional","Liga Endesa",-402534000,NA,"https://www.acb.com/Documentos/Cabeceras/logo-competicion-1b.png","https://www.acb.com/Documentos/Cabeceras/logo-competicion-4a.png",90,2025,107,107,"Liga Regular","LR",0,0,5895,2873,"Semana 13","12",4389,2711,"Surne Bilbao","Surne Bilbao","SBB",4386,2660,"Barça","Barça","BAR",66,71,1766880000,57600,FALSE,TRUE,FALSE,"Bilbao Arena","Bilbao",4,0,"Jornada 12"
104563,1,"Liga Nacional","Liga Endesa",-402534000,NA,"https://www.acb.com/Documentos/Cabeceras/logo-competicion-1b.png","https://www.acb.com/Documentos/Cabeceras/logo-competicion-4a.png",90,2025,107,107,"Liga Regular","LR",0,0,5895,2873,"Semana 13","12",4391,2665,"La Laguna Tenerife","La Laguna TFE","LLT",4390,2664,"Dreamland Gran Canaria","Dreamland GC","DGC",70,71,1766880000,43200,FALSE,TRUE,FALSE,"Pab. Dep. Tenerife Santiago Martín","San Cristóbal de La Laguna",4,0,"Jornada 12"
104562,1,"Liga Nacional","Liga Endesa",-402534000,NA,"https://www.acb.com/Documentos/Cabeceras/logo-competicion-1b.png","https://www.acb.com/Documentos/Cabeceras/logo-competicion-4a.png",90,2025,107,107,"Liga Regular","LR",0,0,5895,2873,"Semana 13","12",4399,2673,"Bàsquet Girona","Bàsquet Girona","GIR",4387,2661,"Hiopos Lleida","Hiopos Lleida","HIO",103,86,1766880000,39600,FALSE,TRUE,FALSE,"Palau Girona-Fontajau","Girona",4,0,"Jornada 12"
104561,1,"Liga Nacional","Liga Endesa",-402534000,NA,"https://www.acb.com/Documentos/Cabeceras/logo-competicion-1b.png","https://www.acb.com/Documentos/Cabeceras/logo-competicion-4a.png",90,2025,107,107,"Liga Regular","LR",0,0,5895,2873,"Semana 13","12",4394,2668,"Joventut Badalona","Joventut","JOV",4395,2669,"Río Breogán","Río Breogán","BRE",83,75,1766793600,72000,FALSE,TRUE,FALSE,"Palau Municipal D´Esports de Badalona","Badalona",4,0,"Jornada 12"
104560,1,"Liga Nacional","Liga Endesa",-402534000,NA,"https://www.acb.com/Documentos/Cabeceras/logo-competicion-1b.png","https://www.acb.com/Documentos/Cabeceras/logo-competicion-4a.png",90,2025,107,107,"Liga Regular","LR",0,0,5895,2873,"Semana 13","12",4401,2674,"Coviran Granada","Coviran Granada","COV",4393,2667,"UCAM Murcia","UCAM Murcia","UCM",79,86,1766793600,68400,FALSE,TRUE,FALSE,"Palacio Deportes Granada","Granada",4,0,"Jornada 12"
104559,1,"Liga Nacional","Liga Endesa",-402534000,NA,"https://www.acb.com/Documentos/Cabeceras/logo-competicion-1b.png","https://www.acb.com/Documentos/Cabeceras/logo-competicion-4a.png",90,2025,107,107,"Liga Regular","LR",0,0,5895,2873,"Semana 13","12",4392,2666,"Casademont Zaragoza","Casademont Zgz","CAZ",4396,2670,"BAXI Manresa","BAXI Manresa","BAX",83,95,1766793600,64800,FALSE,TRUE,FALSE,"Pabellón Príncipe Felipe","Zaragoza",4,0,"Jornada 12"
104558,1,"Liga Nacional","Liga Endesa",-402534000,NA,"https://www.acb.com/Documentos/Cabeceras/logo-competicion-1b.png","https://www.acb.com/Documentos/Cabeceras/logo-competicion-4a.png",90,2025,107,107,"Liga Regular","LR",0,0,5895,2873,"Semana 13","12",4398,2710,"Kosner Baskonia","Kosner Baskonia","BKN",4402,2680,"Recoletas Salud San Pablo Burgos","Recoletas Salud","BUR",89,77,1766793600,61200,FALSE,TRUE,FALSE,"Fernando Buesa Arena","Vitoria-Gasteiz",4,0,"Jornada 12"
104573,1,"Liga Nacional","Liga Endesa",-402534000,NA,"https://www.acb.com/Documentos/Cabeceras/logo-competicion-1b.png","https://www.acb.com/Documentos/Cabeceras/logo-competicion-4a.png",90,2025,107,107,"Liga Regular","LR",0,0,5896,2874,"Semana 14","13",4396,2670,"BAXI Manresa","BAXI Manresa","BAX",4399,2673,"Bàsquet Girona","Bàsquet Girona","GIR",95,97,1767312000,72000,FALSE,TRUE,FALSE,"Pavelló Nou Congost","Manresa",4,0,"Jornada 13"
104575,1,"Liga Nacional","Liga Endesa",-402534000,NA,"https://www.acb.com/Documentos/Cabeceras/logo-competicion-1b.png","https://www.acb.com/Documentos/Cabeceras/logo-competicion-4a.png",90,2025,107,107,"Liga Regular","LR",0,0,5896,2874,"Semana 14","13",4386,2660,"Barça","Barça","BAR",4392,2666,"Casademont Zaragoza","Casademont Zgz","CAZ",100,80,1767312000,68400,FALSE,TRUE,FALSE,"Palau Blaugrana","Barcelona",4,0,"Jornada 13"
104574,1,"Liga Nacional","Liga Endesa",-402534000,NA,"https://www.acb.com/Documentos/Cabeceras/logo-competicion-1b.png","https://www.acb.com/Documentos/Cabeceras/logo-competicion-4a.png",90,2025,107,107,"Liga Regular","LR",0,0,5896,2874,"Semana 14","13",4385,2659,"MoraBanc Andorra","MoraBanc And","MBA",4387,2661,"Hiopos Lleida","Hiopos Lleida","HIO",79,87,1767312000,64800,FALSE,TRUE,FALSE,"Pavelló Toni Martí","Andorra La Vella",4,0,"Jornada 13"
104572,1,"Liga Nacional","Liga Endesa",-402534000,NA,"https://www.acb.com/Documentos/Cabeceras/logo-competicion-1b.png","https://www.acb.com/Documentos/Cabeceras/logo-competicion-4a.png",90,2025,107,107,"Liga Regular","LR",0,0,5896,2874,"Semana 14","13",4389,2711,"Surne Bilbao","Surne Bilbao","SBB",4397,2671,"Valencia Basket","Valencia Basket","VBC",72,116,1767312000,61200,FALSE,TRUE,FALSE,"Bilbao Arena","Bilbao",4,0,"Jornada 13"
104571,1,"Liga Nacional","Liga Endesa",-402534000,NA,"https://www.acb.com/Documentos/Cabeceras/logo-competicion-1b.png","https://www.acb.com/Documentos/Cabeceras/logo-competicion-4a.png",90,2025,107,107,"Liga Regular","LR",0,0,5896,2874,"Semana 14","13",4393,2667,"UCAM Murcia","UCAM Murcia","UCM",4388,2662,"Real Madrid","Real Madrid","RMB",80,91,1767052800,72000,FALSE,TRUE,FALSE,"Palacio de Deportes de Murcia","Murcia",4,0,"Jornada 13"
104570,1,"Liga Nacional","Liga Endesa",-402534000,NA,"https://www.acb.com/Documentos/Cabeceras/logo-competicion-1b.png","https://www.acb.com/Documentos/Cabeceras/logo-competicion-4a.png",90,2025,107,107,"Liga Regular","LR",0,0,5896,2874,"Semana 14","13",4391,2665,"La Laguna Tenerife","La Laguna TFE","LLT",4401,2674,"Coviran Granada","Coviran Granada","COV",80,75,1767052800,68400,FALSE,TRUE,FALSE,"Pab. Dep. Tenerife Santiago Martín","San Cristóbal de La Laguna",4,0,"Jornada 13"
104569,1,"Liga Nacional","Liga Endesa",-402534000,NA,"https://www.acb.com/Documentos/Cabeceras/logo-competicion-1b.png","https://www.acb.com/Documentos/Cabeceras/logo-competicion-4a.png",90,2025,107,107,"Liga Regular","LR",0,0,5896,2874,"Semana 14","13",4384,2658,"Unicaja","Unicaja","UNI",4394,2668,"Joventut Badalona","Joventut","JOV",105,83,1767052800,64800,FALSE,TRUE,FALSE,"Palacio de Deportes José María Martín Carpena","Málaga",4,0,"Jornada 13"
104568,1,"Liga Nacional","Liga Endesa",-402534000,NA,"https://www.acb.com/Documentos/Cabeceras/logo-competicion-1b.png","https://www.acb.com/Documentos/Cabeceras/logo-competicion-4a.png",90,2025,107,107,"Liga Regular","LR",0,0,5896,2874,"Semana 14","13",4402,2680,"Recoletas Salud San Pablo Burgos","Recoletas Salud","BUR",4390,2664,"Dreamland Gran Canaria","Dreamland GC","DGC",94,81,1767052800,61200,FALSE,TRUE,FALSE,"Coliseum Burgos","Burgos",4,0,"Jornada 13"
104567,1,"Liga Nacional","Liga Endesa",-402534000,NA,"https://www.acb.com/Documentos/Cabeceras/logo-competicion-1b.png","https://www.acb.com/Documentos/Cabeceras/logo-competicion-4a.png",90,2025,107,107,"Liga Regular","LR",0,0,5896,2874,"Semana 14","13",4395,2669,"Río Breogán","Río Breogán","BRE",4398,2710,"Kosner Baskonia","Kosner Baskonia","BKN",100,103,1766966400,68400,FALSE,TRUE,FALSE,"Pazo Provincial dos Deportes de Lugo","Lugo",4,0,"Jornada 13"
104580,1,"Liga Nacional","Liga Endesa",-402534000,NA,"https://www.acb.com/Documentos/Cabeceras/logo-competicion-1b.png","https://www.acb.com/Documentos/Cabeceras/logo-competicion-4a.png",90,2025,107,107,"Liga Regular","LR",0,0,5897,2874,"Semana 14","14",4388,2662,"Real Madrid","Real Madrid","RMB",4386,2660,"Barça","Barça","BAR",100,105,1767484800,41400,FALSE,TRUE,FALSE,"Movistar Arena","Madrid",4,0,"Jornada 14"
104576,1,"Liga Nacional","Liga Endesa",-402534000,NA,"https://www.acb.com/Documentos/Cabeceras/logo-competicion-1b.png","https://www.acb.com/Documentos/Cabeceras/logo-competicion-4a.png",90,2025,107,107,"Liga Regular","LR",0,0,5897,2874,"Semana 14","14",4395,2669,"Río Breogán","Río Breogán","BRE",4384,2658,"Unicaja","Unicaja","UNI",98,82,1767398400,72000,FALSE,TRUE,FALSE,"Pazo Provincial dos Deportes de Lugo","Lugo",4,0,"Jornada 14"
104578,1,"Liga Nacional","Liga Endesa",-402534000,NA,"https://www.acb.com/Documentos/Cabeceras/logo-competicion-1b.png","https://www.acb.com/Documentos/Cabeceras/logo-competicion-4a.png",90,2025,107,107,"Liga Regular","LR",0,0,5897,2874,"Semana 14","14",4390,2664,"Dreamland Gran Canaria","Dreamland GC","DGC",4393,2667,"UCAM Murcia","UCAM Murcia","UCM",77,72,1767398400,68400,FALSE,TRUE,FALSE,"Gran Canaria Arena","Las Palmas de Gran Canaria",4,0,"Jornada 14"
104577,1,"Liga Nacional","Liga Endesa",-402534000,NA,"https://www.acb.com/Documentos/Cabeceras/logo-competicion-1b.png","https://www.acb.com/Documentos/Cabeceras/logo-competicion-4a.png",90,2025,107,107,"Liga Regular","LR",0,0,5897,2874,"Semana 14","14",4401,2674,"Coviran Granada","Coviran Granada","COV",4402,2680,"Recoletas Salud San Pablo Burgos","Recoletas Salud","BUR",90,107,1767398400,64800,FALSE,TRUE,FALSE,"Palacio Deportes Granada","Granada",4,0,"Jornada 14"
104579,1,"Liga Nacional","Liga Endesa",-402534000,NA,"https://www.acb.com/Documentos/Cabeceras/logo-competicion-1b.png","https://www.acb.com/Documentos/Cabeceras/logo-competicion-4a.png",90,2025,107,107,"Liga Regular","LR",0,0,5897,2874,"Semana 14","14",4394,2668,"Joventut Badalona","Joventut","JOV",4391,2665,"La Laguna Tenerife","La Laguna TFE","LLT",78,67,1767398400,61200,FALSE,TRUE,FALSE,"Palau Municipal D´Esports de Badalona","Badalona",4,0,"Jornada 14"
